epoch,time,train/box_loss,train/cls_loss,train/dfl_loss,metrics/precision(B),metrics/recall(B),metrics/mAP50(B),metrics/mAP50-95(B),val/box_loss,val/cls_loss,val/dfl_loss,lr/pg0,lr/pg1,lr/pg2,phase
1,29.2854,1.44418,6.12117,1.40638,0.47958,0.34213,0.33995,0.21874,1.40626,inf,1.34466,0.00860938,9.38e-06,9.38e-06,1
2,48.2448,1.41221,5.92756,1.3853,0.49971,0.33617,0.33846,0.21872,1.39672,inf,1.33558,0.00711943,1.94253e-05,1.94253e-05,1
3,67.9021,1.40505,5.84279,1.38677,0.53324,0.34318,0.35616,0.23152,1.36839,inf,1.31859,0.00562945,2.94512e-05,2.94512e-05,1
4,86.2341,1.39709,5.73783,1.37664,0.5151,0.3599,0.36725,0.23964,1.35391,inf,1.30659,0.00413944,3.94432e-05,3.94432e-05,1
5,105.973,1.37838,5.64345,1.36771,0.53215,0.36072,0.37335,0.2445,1.34247,inf,1.29754,0.00264939,4.93865e-05,4.93865e-05,1
6,124.717,1.37167,5.61354,1.37191,0.53904,0.36248,0.37735,0.24742,1.33734,inf,1.29498,0.00115927,5.92666e-05,5.92666e-05,1
7,143.761,1.37101,5.50084,1.36176,0.53337,0.36791,0.37842,0.24824,1.33075,inf,1.28693,6.64126e-05,6.64126e-05,6.64126e-05,1
8,162.355,1.36647,5.47606,1.36095,0.5456,0.36364,0.38283,0.25291,1.32661,inf,1.28158,6.62013e-05,6.62013e-05,6.62013e-05,1
9,180.685,1.34106,5.3086,1.34132,0.56071,0.36406,0.38489,0.25411,1.32675,inf,1.28194,6.59581e-05,6.59581e-05,6.59581e-05,1
10,199.518,1.34903,5.28461,1.34265,0.55294,0.37175,0.38744,0.25482,1.32412,inf,1.27963,6.56831e-05,6.56831e-05,6.56831e-05,1
11,219.373,1.33572,5.25728,1.33789,0.56723,0.37191,0.38983,0.25749,1.31855,inf,1.27468,6.53768e-05,6.53768e-05,6.53768e-05,1
12,238.746,1.34114,5.24766,1.34326,0.55159,0.37535,0.39213,0.25885,1.31632,inf,1.27145,6.50393e-05,6.50393e-05,6.50393e-05,1
13,257.297,1.33798,5.16201,1.33633,0.55556,0.38142,0.39218,0.25818,1.3165,inf,1.27395,6.4671e-05,6.4671e-05,6.4671e-05,1
14,276.489,1.31044,5.09985,1.32655,0.54999,0.3815,0.39353,0.25971,1.31547,inf,1.27129,6.42723e-05,6.42723e-05,6.42723e-05,1
15,294.985,1.31096,5.04829,1.31878,0.54631,0.37896,0.39349,0.25999,1.31262,inf,1.27098,6.38436e-05,6.38436e-05,6.38436e-05,1
16,312.875,1.28991,4.94877,1.31125,0.56554,0.37505,0.39582,0.26166,1.31222,inf,1.27139,6.33852e-05,6.33852e-05,6.33852e-05,1
17,331.721,1.2976,4.94815,1.30665,0.57709,0.37719,0.39681,0.26253,1.30954,inf,1.2685,6.28977e-05,6.28977e-05,6.28977e-05,1
18,350.364,1.30342,5.02937,1.32195,0.58084,0.37382,0.39743,0.26304,1.31004,inf,1.26977,6.23815e-05,6.23815e-05,6.23815e-05,1
19,369.721,1.30527,4.98201,1.31692,0.57171,0.38122,0.39842,0.26363,1.31553,inf,1.27348,6.18371e-05,6.18371e-05,6.18371e-05,1
20,388.273,1.31682,4.97496,1.3254,0.57266,0.38126,0.39894,0.26375,1.3108,inf,1.2697,6.12651e-05,6.12651e-05,6.12651e-05,1
21,407.433,1.28855,4.90842,1.30874,0.58415,0.375,0.40007,0.26451,1.3099,inf,1.2668,6.0666e-05,6.0666e-05,6.0666e-05,1
22,425.609,1.28048,4.84459,1.3022,0.56261,0.38124,0.39892,0.26311,1.31564,inf,1.27184,6.00405e-05,6.00405e-05,6.00405e-05,1
23,444.273,1.28984,4.87101,1.31011,0.57394,0.3805,0.39949,0.26495,1.31322,inf,1.27065,5.93891e-05,5.93891e-05,5.93891e-05,1
24,463.979,1.29507,4.81841,1.30577,0.55281,0.38709,0.40188,0.26509,1.31244,inf,1.26749,5.87124e-05,5.87124e-05,5.87124e-05,1
25,482.903,1.28488,4.79886,1.30737,0.56692,0.38147,0.40134,0.26475,1.31246,inf,1.26878,5.80112e-05,5.80112e-05,5.80112e-05,1
26,501.367,1.28135,4.7669,1.29923,0.55302,0.38957,0.40172,0.26529,1.31262,inf,1.26623,5.72862e-05,5.72862e-05,5.72862e-05,1
27,521.361,1.26329,4.71685,1.29185,0.5726,0.38488,0.40229,0.26672,1.31247,inf,1.26637,5.6538e-05,5.6538e-05,5.6538e-05,1
28,540.659,1.26759,4.72208,1.28928,0.56454,0.38784,0.40275,0.26614,1.30832,inf,1.26571,5.57674e-05,5.57674e-05,5.57674e-05,1
29,559.719,1.27161,4.69208,1.28999,0.57683,0.38185,0.40388,0.26647,1.31343,inf,1.26924,5.49752e-05,5.49752e-05,5.49752e-05,1
30,578.251,1.26279,4.69981,1.28741,0.57094,0.38262,0.40275,0.26694,1.31468,inf,1.27079,5.41621e-05,5.41621e-05,5.41621e-05,1
31,596.684,1.26822,4.67779,1.28938,0.56344,0.38895,0.4021,0.2659,1.31506,inf,1.27041,5.33289e-05,5.33289e-05,5.33289e-05,1
32,616.622,1.25291,4.59895,1.28074,0.5772,0.38631,0.40474,0.26671,1.31253,inf,1.26687,5.24765e-05,5.24765e-05,5.24765e-05,1
33,634.267,1.25972,4.59575,1.28438,0.57883,0.38499,0.40533,0.26723,1.31377,inf,1.26871,5.16057e-05,5.16057e-05,5.16057e-05,1
34,653.426,1.25223,4.59213,1.28236,0.5774,0.38283,0.40577,0.26853,1.3091,inf,1.26769,5.07174e-05,5.07174e-05,5.07174e-05,1
35,673.046,1.24013,4.54451,1.27213,0.5679,0.38319,0.40473,0.26826,1.31248,inf,1.27149,4.98124e-05,4.98124e-05,4.98124e-05,1
36,692.632,1.2341,4.50885,1.27403,0.57235,0.38322,0.40463,0.26723,1.3094,inf,1.26622,4.88916e-05,4.88916e-05,4.88916e-05,1
37,711.141,1.23762,4.50184,1.27425,0.55715,0.39143,0.40417,0.26721,1.31053,inf,1.26897,4.7956e-05,4.7956e-05,4.7956e-05,1
38,729.829,1.24319,4.53098,1.2722,0.56345,0.39446,0.40692,0.26792,1.31208,inf,1.26967,4.70064e-05,4.70064e-05,4.70064e-05,1
39,748.627,1.22415,4.47997,1.26821,0.57026,0.39143,0.40792,0.26904,1.31167,inf,1.2691,4.60439e-05,4.60439e-05,4.60439e-05,1
40,767.423,1.23808,4.5071,1.27407,0.57055,0.3893,0.40563,0.26643,1.31951,inf,1.27446,4.50692e-05,4.50692e-05,4.50692e-05,1
41,786.134,1.22533,4.4658,1.27128,0.57439,0.388,0.40738,0.26864,1.31683,inf,1.27111,4.40835e-05,4.40835e-05,4.40835e-05,1
42,806.164,1.2444,4.51821,1.27855,0.57462,0.38616,0.40668,0.26824,1.31355,inf,1.26938,4.30877e-05,4.30877e-05,4.30877e-05,1
43,824.923,1.24626,4.5072,1.27817,0.58358,0.379,0.40581,0.26826,1.31647,inf,1.27042,4.20828e-05,4.20828e-05,4.20828e-05,1
44,844.481,1.23455,4.48497,1.27329,0.56568,0.39044,0.40738,0.2692,1.31671,inf,1.27124,4.10697e-05,4.10697e-05,4.10697e-05,1
45,862.72,1.22193,4.4211,1.26492,0.57978,0.3825,0.40695,0.26878,1.31617,inf,1.27218,4.00495e-05,4.00495e-05,4.00495e-05,1
46,881.643,1.23144,4.43712,1.27211,0.58329,0.38276,0.40766,0.2686,1.31772,inf,1.27275,3.90231e-05,3.90231e-05,3.90231e-05,1
47,900.576,1.23419,4.46454,1.26789,0.57191,0.39316,0.40877,0.27018,1.31853,inf,1.27416,3.79917e-05,3.79917e-05,3.79917e-05,1
48,919.504,1.23042,4.42662,1.26873,0.57028,0.39012,0.40831,0.26909,1.31983,inf,1.27578,3.69561e-05,3.69561e-05,3.69561e-05,1
49,938.122,1.21542,4.40582,1.26276,0.57042,0.38896,0.4079,0.26925,1.32119,inf,1.27761,3.59174e-05,3.59174e-05,3.59174e-05,1
50,957.987,1.22261,4.40508,1.26504,0.5778,0.386,0.40737,0.26888,1.32046,inf,1.27663,3.48767e-05,3.48767e-05,3.48767e-05,1
51,976.514,1.2225,4.41884,1.26641,0.5679,0.38886,0.4064,0.26871,1.3164,inf,1.27682,3.3835e-05,3.3835e-05,3.3835e-05,1
52,996.457,1.22721,4.4525,1.27405,0.56236,0.39054,0.40571,0.26737,1.31866,inf,1.27588,3.27933e-05,3.27933e-05,3.27933e-05,1
53,1014.57,1.22678,4.41372,1.26914,0.57241,0.38749,0.40549,0.2681,1.31918,inf,1.2786,3.17526e-05,3.17526e-05,3.17526e-05,1
54,1033.07,1.21053,4.33868,1.25891,0.58708,0.37923,0.40523,0.2681,1.32137,inf,1.27888,3.07139e-05,3.07139e-05,3.07139e-05,1
55,1053.14,1.23073,4.41579,1.26987,0.57945,0.38266,0.40689,0.26875,1.32292,inf,1.27972,2.96783e-05,2.96783e-05,2.96783e-05,1
56,1071.65,1.2117,4.33202,1.25779,0.57864,0.38332,0.40558,0.2681,1.32447,inf,1.2814,2.86469e-05,2.86469e-05,2.86469e-05,1
57,1089.06,1.20888,4.36928,1.25645,0.57783,0.38743,0.40578,0.26735,1.32385,inf,1.28066,2.76205e-05,2.76205e-05,2.76205e-05,1
58,1109.79,1.22258,4.35723,1.25876,0.58056,0.38621,0.40728,0.26778,1.32222,inf,1.27919,2.66003e-05,2.66003e-05,2.66003e-05,1
59,1128.2,1.22534,4.39487,1.26775,0.58464,0.38283,0.40639,0.26768,1.32035,inf,1.27601,2.55872e-05,2.55872e-05,2.55872e-05,1
60,1147.94,1.202,4.28982,1.25173,0.57872,0.38742,0.40761,0.26856,1.32117,inf,1.27685,2.45823e-05,2.45823e-05,2.45823e-05,1
61,1164.91,1.19649,4.26595,1.24942,0.57126,0.38992,0.40876,0.26899,1.32013,inf,1.27574,2.35865e-05,2.35865e-05,2.35865e-05,1
62,1184.92,1.20931,4.32165,1.25727,0.58903,0.38449,0.40863,0.26904,1.32152,inf,1.27667,2.26008e-05,2.26008e-05,2.26008e-05,1
63,1203.55,1.20808,4.28222,1.25169,0.58499,0.38505,0.40831,0.2686,1.32262,inf,1.27825,2.16261e-05,2.16261e-05,2.16261e-05,1
64,1222.96,1.19769,4.28257,1.25295,0.5936,0.38197,0.40969,0.26897,1.32144,inf,1.27799,2.06636e-05,2.06636e-05,2.06636e-05,1
65,1240.97,1.19484,4.21573,1.24759,0.56807,0.39235,0.40825,0.26825,1.321,inf,1.27756,1.9714e-05,1.9714e-05,1.9714e-05,1
66,1260.16,1.22359,4.33698,1.26562,0.58504,0.38439,0.40787,0.2686,1.32063,inf,1.27709,1.87784e-05,1.87784e-05,1.87784e-05,1
67,1277.64,1.19698,4.27432,1.25032,0.58444,0.3858,0.40843,0.26868,1.32095,inf,1.27772,1.78576e-05,1.78576e-05,1.78576e-05,1
68,1297.93,1.203,4.26057,1.24956,0.57435,0.39178,0.40872,0.26866,1.32153,inf,1.27676,1.69526e-05,1.69526e-05,1.69526e-05,1
69,1316.73,1.1931,4.23628,1.2475,0.57421,0.39259,0.40901,0.26929,1.31988,inf,1.27608,1.60643e-05,1.60643e-05,1.60643e-05,1
70,1335.75,1.20129,4.24471,1.25633,0.57502,0.38821,0.40881,0.26972,1.31938,inf,1.27688,1.51935e-05,1.51935e-05,1.51935e-05,1
71,1354.57,1.19535,4.2489,1.24731,0.57319,0.38918,0.40932,0.2692,1.32139,inf,1.27776,1.43411e-05,1.43411e-05,1.43411e-05,1
72,1373.9,1.19205,4.22076,1.24769,0.57709,0.38507,0.40886,0.26875,1.32216,inf,1.27872,1.35079e-05,1.35079e-05,1.35079e-05,1
73,1392.21,1.21145,4.30274,1.25888,0.57656,0.38761,0.4077,0.26822,1.32252,inf,1.27962,1.26948e-05,1.26948e-05,1.26948e-05,1
74,1411.65,1.20017,4.26966,1.25131,0.57668,0.38802,0.40833,0.26863,1.32362,inf,1.28062,1.19026e-05,1.19026e-05,1.19026e-05,1
75,1430.26,1.21838,4.31385,1.25937,0.58419,0.38458,0.40747,0.2686,1.32259,inf,1.27987,1.1132e-05,1.1132e-05,1.1132e-05,1
76,1449.92,1.20128,4.24349,1.24969,0.58557,0.38655,0.40847,0.26965,1.32165,inf,1.27905,1.03838e-05,1.03838e-05,1.03838e-05,1
77,1468.84,1.20515,4.28163,1.25162,0.58508,0.3862,0.4087,0.26962,1.32075,inf,1.27791,9.65876e-06,9.65876e-06,9.65876e-06,1
78,1488.09,1.19177,4.21516,1.24114,0.58606,0.38538,0.4082,0.26936,1.32203,inf,1.27881,8.95757e-06,8.95757e-06,8.95757e-06,1
79,1505.72,1.19164,4.22048,1.24542,0.58244,0.38679,0.40818,0.26911,1.32192,inf,1.27891,8.28093e-06,8.28093e-06,8.28093e-06,1
80,1525.37,1.19606,4.2719,1.25261,0.58545,0.38564,0.40765,0.26881,1.32318,inf,1.27975,7.62951e-06,7.62951e-06,7.62951e-06,1
81,1544.73,1.19089,4.24045,1.24645,0.58038,0.38707,0.40805,0.26857,1.32299,inf,1.27996,7.00395e-06,7.00395e-06,7.00395e-06,1
82,1562.61,1.19762,4.31731,1.25547,0.5834,0.38735,0.4086,0.26899,1.32247,inf,1.27914,6.40487e-06,6.40487e-06,6.40487e-06,1
83,1581.83,1.19798,4.28345,1.25646,0.57864,0.38964,0.40884,0.26911,1.32118,inf,1.27813,5.83286e-06,5.83286e-06,5.83286e-06,1
84,1601.16,1.19346,4.2486,1.249,0.57838,0.38891,0.40858,0.26906,1.32174,inf,1.27811,5.28849e-06,5.28849e-06,5.28849e-06,1
85,1620.15,1.19116,4.23155,1.24777,0.57995,0.38859,0.4086,0.26874,1.32262,inf,1.27912,4.77229e-06,4.77229e-06,4.77229e-06,1
86,1639.05,1.20795,4.29648,1.25779,0.57305,0.38996,0.40843,0.26865,1.3238,inf,1.28002,4.28477e-06,4.28477e-06,4.28477e-06,1
87,1656.99,1.18246,4.16232,1.24013,0.57643,0.38874,0.40915,0.26883,1.32427,inf,1.28016,3.82641e-06,3.82641e-06,3.82641e-06,1
1,28.5034,1.46241,6.1711,1.42424,0.4818,0.34266,0.33776,0.21737,1.40983,inf,1.34404,0.00860938,9.38e-06,9.38e-06,2
2,46.797,1.43344,6.04481,1.41018,0.47066,0.34517,0.33675,0.21901,1.40632,inf,1.34421,0.00711943,1.94253e-05,1.94253e-05,2
3,65.6757,1.40096,5.84731,1.37952,0.50304,0.35479,0.3562,0.23182,1.37448,inf,1.31679,0.00562945,2.94512e-05,2.94512e-05,2
4,83.204,1.41317,5.75452,1.38258,0.50344,0.35748,0.36733,0.24017,1.35901,inf,1.30697,0.00413944,3.94432e-05,3.94432e-05,2
5,102.96,1.37293,5.66872,1.36647,0.50178,0.36724,0.37444,0.24394,1.34757,inf,1.29786,0.00264939,4.93865e-05,4.93865e-05,2
6,120.368,1.37488,5.59767,1.36509,0.50819,0.36443,0.37843,0.24787,1.33834,inf,1.29196,0.00115927,5.92666e-05,5.92666e-05,2
7,137.249,1.3633,5.52741,1.35641,0.51126,0.36566,0.3817,0.25013,1.33408,inf,1.28939,6.64126e-05,6.64126e-05,6.64126e-05,2
8,155.038,1.34573,5.38333,1.34598,0.53228,0.3638,0.38265,0.25144,1.33584,inf,1.28655,6.62013e-05,6.62013e-05,6.62013e-05,2
9,172.88,1.34075,5.32925,1.34769,0.52511,0.36755,0.38549,0.25313,1.33166,inf,1.28502,6.59581e-05,6.59581e-05,6.59581e-05,2
10,191.446,1.35054,5.35245,1.34281,0.53581,0.36312,0.38721,0.25445,1.32382,inf,1.27962,6.56831e-05,6.56831e-05,6.56831e-05,2
11,209.995,1.34697,5.2737,1.34478,0.52676,0.37077,0.39174,0.25738,1.32191,inf,1.27411,6.53768e-05,6.53768e-05,6.53768e-05,2
12,227.068,1.33435,5.26725,1.33896,0.55569,0.36605,0.3912,0.25932,1.32048,inf,1.27459,6.50393e-05,6.50393e-05,6.50393e-05,2
13,245.629,1.31839,5.17676,1.33067,0.52728,0.37032,0.39064,0.2585,1.31798,inf,1.27327,6.4671e-05,6.4671e-05,6.4671e-05,2
14,265.152,1.33326,5.14296,1.33113,0.53211,0.3745,0.39419,0.26014,1.31896,inf,1.2755,6.42723e-05,6.42723e-05,6.42723e-05,2
15,282.659,1.30595,5.03039,1.31195,0.55144,0.37299,0.39835,0.26349,1.31396,inf,1.27142,6.38436e-05,6.38436e-05,6.38436e-05,2
16,300.461,1.32955,5.09062,1.32703,0.52946,0.38478,0.39701,0.26324,1.31786,inf,1.27165,6.33852e-05,6.33852e-05,6.33852e-05,2
17,318.622,1.3146,5.05287,1.32315,0.52934,0.38197,0.39663,0.26239,1.31838,inf,1.27122,6.28977e-05,6.28977e-05,6.28977e-05,2
18,336.366,1.29838,4.9538,1.30683,0.52874,0.38681,0.39915,0.26339,1.3195,inf,1.27111,6.23815e-05,6.23815e-05,6.23815e-05,2
19,354.7,1.32462,5.10454,1.33284,0.5348,0.38829,0.40162,0.26543,1.31819,inf,1.27155,6.18371e-05,6.18371e-05,6.18371e-05,2
20,373.023,1.28684,4.87369,1.29557,0.55487,0.38473,0.40292,0.26584,1.31609,inf,1.26892,6.12651e-05,6.12651e-05,6.12651e-05,2
21,390.079,1.28173,4.88152,1.30456,0.54202,0.38491,0.40067,0.26427,1.31536,inf,1.27004,6.0666e-05,6.0666e-05,6.0666e-05,2
22,408.021,1.26567,4.7674,1.29361,0.54081,0.38497,0.40245,0.26571,1.31577,inf,1.26804,6.00405e-05,6.00405e-05,6.00405e-05,2
23,426.189,1.2843,4.77215,1.29518,0.54642,0.38334,0.40163,0.2656,1.31275,inf,1.26709,5.93891e-05,5.93891e-05,5.93891e-05,2
24,444.168,1.29297,4.92401,1.31289,0.5372,0.38789,0.40275,0.26654,1.31331,inf,1.26851,5.87124e-05,5.87124e-05,5.87124e-05,2
25,462.202,1.27322,4.78539,1.28782,0.5413,0.38624,0.4034,0.26678,1.31391,inf,1.26694,5.80112e-05,5.80112e-05,5.80112e-05,2
26,480.936,1.27125,4.80303,1.29606,0.5365,0.39451,0.40435,0.26764,1.31554,inf,1.27144,5.72862e-05,5.72862e-05,5.72862e-05,2
27,498.843,1.2671,4.77594,1.29443,0.54114,0.39644,0.40418,0.26693,1.31384,inf,1.27149,5.6538e-05,5.6538e-05,5.6538e-05,2
28,515.756,1.26261,4.68916,1.28676,0.54721,0.389,0.40504,0.26714,1.3129,inf,1.26853,5.57674e-05,5.57674e-05,5.57674e-05,2
29,534.556,1.262,4.70446,1.29166,0.53326,0.39367,0.40542,0.26641,1.31415,inf,1.2718,5.49752e-05,5.49752e-05,5.49752e-05,2
30,552.976,1.26219,4.65755,1.28345,0.54679,0.38429,0.40647,0.26702,1.31824,inf,1.27149,5.41621e-05,5.41621e-05,5.41621e-05,2
31,569.746,1.27113,4.69458,1.28995,0.53835,0.39473,0.40808,0.26807,1.31748,inf,1.27261,5.33289e-05,5.33289e-05,5.33289e-05,2
32,587.534,1.26796,4.6885,1.29342,0.53622,0.39562,0.40487,0.26764,1.32145,inf,1.27183,5.24765e-05,5.24765e-05,5.24765e-05,2
33,606.194,1.27589,4.70996,1.29622,0.53786,0.39261,0.40524,0.26701,1.31821,inf,1.27553,5.16057e-05,5.16057e-05,5.16057e-05,2
34,624.891,1.24412,4.60499,1.28134,0.52735,0.40116,0.4055,0.26633,1.32056,inf,1.27334,5.07174e-05,5.07174e-05,5.07174e-05,2
35,642.126,1.26693,4.73111,1.2974,0.52954,0.39213,0.40854,0.26832,1.32281,inf,1.27461,4.98124e-05,4.98124e-05,4.98124e-05,2
36,660.68,1.25294,4.54013,1.27726,0.5359,0.39931,0.40641,0.26769,1.3236,inf,1.27447,4.88916e-05,4.88916e-05,4.88916e-05,2
37,678.171,1.24485,4.56976,1.27703,0.56107,0.38771,0.407,0.26808,1.32275,inf,1.27426,4.7956e-05,4.7956e-05,4.7956e-05,2
38,695.706,1.25185,4.60619,1.2802,0.54952,0.39179,0.40897,0.27051,1.31518,inf,1.27076,4.70064e-05,4.70064e-05,4.70064e-05,2
39,713.623,1.25309,4.53855,1.27761,0.52764,0.39633,0.4102,0.26909,1.31468,inf,1.26762,4.60439e-05,4.60439e-05,4.60439e-05,2
40,732.508,1.24217,4.52928,1.27507,0.5362,0.39261,0.40764,0.26808,1.3187,inf,1.27275,4.50692e-05,4.50692e-05,4.50692e-05,2
41,749.988,1.22509,4.50543,1.26452,0.53755,0.39143,0.40937,0.26926,1.32022,inf,1.27493,4.40835e-05,4.40835e-05,4.40835e-05,2
42,768.613,1.2507,4.54629,1.28124,0.53734,0.39783,0.40751,0.26827,1.31834,inf,1.2729,4.30877e-05,4.30877e-05,4.30877e-05,2
43,786.175,1.22054,4.5125,1.27309,0.55317,0.38848,0.40779,0.26841,1.31965,inf,1.27387,4.20828e-05,4.20828e-05,4.20828e-05,2
44,805.071,1.24836,4.50889,1.27083,0.55074,0.39119,0.407,0.26754,1.32134,inf,1.27318,4.10697e-05,4.10697e-05,4.10697e-05,2
45,822.347,1.24941,4.5467,1.27755,0.56407,0.38451,0.40784,0.26824,1.32304,inf,1.27403,4.00495e-05,4.00495e-05,4.00495e-05,2
46,841.452,1.24324,4.52484,1.27852,0.54592,0.38692,0.40678,0.26782,1.32288,inf,1.2749,3.90231e-05,3.90231e-05,3.90231e-05,2
47,859.108,1.23286,4.45111,1.26808,0.53783,0.38864,0.40766,0.2677,1.32339,inf,1.27536,3.79917e-05,3.79917e-05,3.79917e-05,2
48,876.068,1.21869,4.39323,1.25626,0.54117,0.39002,0.4084,0.26812,1.32267,inf,1.27518,3.69561e-05,3.69561e-05,3.69561e-05,2
49,893.69,1.23693,4.47484,1.26979,0.5383,0.38986,0.40791,0.26787,1.32059,inf,1.27137,3.59174e-05,3.59174e-05,3.59174e-05,2
50,913.155,1.21718,4.35093,1.25846,0.54941,0.39388,0.40866,0.26818,1.31977,inf,1.27392,3.48767e-05,3.48767e-05,3.48767e-05,2
51,929.511,1.21953,4.41075,1.2587,0.53047,0.39467,0.40938,0.26865,1.32497,inf,1.2782,3.3835e-05,3.3835e-05,3.3835e-05,2
52,948.105,1.21524,4.34579,1.25947,0.54112,0.39397,0.40777,0.26832,1.32274,inf,1.27761,3.27933e-05,3.27933e-05,3.27933e-05,2
53,966.343,1.22906,4.42839,1.27129,0.54013,0.39343,0.40939,0.26858,1.32163,inf,1.27814,3.17526e-05,3.17526e-05,3.17526e-05,2
54,983.838,1.22512,4.4137,1.2645,0.5478,0.38878,0.40688,0.2668,1.31966,inf,1.27475,3.07139e-05,3.07139e-05,3.07139e-05,2
55,1001.64,1.23293,4.47395,1.27081,0.53064,0.39558,0.40711,0.26791,1.32028,inf,1.27638,2.96783e-05,2.96783e-05,2.96783e-05,2
56,1020.08,1.21224,4.35392,1.25774,0.54846,0.38929,0.40841,0.26864,1.32027,inf,1.27605,2.86469e-05,2.86469e-05,2.86469e-05,2
57,1037.81,1.20505,4.35103,1.25208,0.55133,0.38414,0.40884,0.26873,1.32575,inf,1.2791,2.76205e-05,2.76205e-05,2.76205e-05,2
58,1056.48,1.2133,4.31628,1.25535,0.54129,0.39358,0.40892,0.26907,1.32327,inf,1.27903,2.66003e-05,2.66003e-05,2.66003e-05,2
59,1074.1,1.20263,4.34888,1.25921,0.53958,0.39127,0.40861,0.268,1.32255,inf,1.2784,2.55872e-05,2.55872e-05,2.55872e-05,2
60,1092.01,1.22312,4.3162,1.25562,0.54268,0.39078,0.40846,0.26859,1.32139,inf,1.27709,2.45823e-05,2.45823e-05,2.45823e-05,2
61,1109.98,1.21869,4.34074,1.25994,0.55473,0.38983,0.40909,0.26818,1.32166,inf,1.27711,2.35865e-05,2.35865e-05,2.35865e-05,2
62,1128.84,1.20749,4.31193,1.25971,0.55139,0.38821,0.40823,0.26798,1.32221,inf,1.27767,2.26008e-05,2.26008e-05,2.26008e-05,2
63,1146.64,1.22416,4.4171,1.26735,0.55424,0.38738,0.40837,0.26836,1.3221,inf,1.27765,2.16261e-05,2.16261e-05,2.16261e-05,2
64,1163.53,1.21181,4.321,1.25597,0.56433,0.38901,0.4095,0.26848,1.32483,inf,1.27886,2.06636e-05,2.06636e-05,2.06636e-05,2
65,1182.12,1.21163,4.33547,1.25538,0.54405,0.39817,0.40894,0.26799,1.32519,inf,1.27922,1.9714e-05,1.9714e-05,1.9714e-05,2
66,1200.78,1.18979,4.25764,1.2438,0.54174,0.39193,0.40943,0.269,1.32471,inf,1.27856,1.87784e-05,1.87784e-05,1.87784e-05,2
67,1217.71,1.17869,4.26291,1.24329,0.5395,0.39465,0.4093,0.26843,1.32446,inf,1.27939,1.78576e-05,1.78576e-05,1.78576e-05,2
68,1236.79,1.19587,4.31485,1.25406,0.56083,0.38828,0.40955,0.26876,1.32498,inf,1.27953,1.69526e-05,1.69526e-05,1.69526e-05,2
69,1254.64,1.20096,4.34413,1.25571,0.55992,0.38896,0.41041,0.26857,1.32523,inf,1.27955,1.60643e-05,1.60643e-05,1.60643e-05,2
70,1271.27,1.18178,4.23667,1.24129,0.56899,0.38533,0.41032,0.26939,1.32427,inf,1.27838,1.51935e-05,1.51935e-05,1.51935e-05,2
71,1289.01,1.18817,4.21869,1.24562,0.55122,0.38868,0.41052,0.26958,1.32536,inf,1.27934,1.43411e-05,1.43411e-05,1.43411e-05,2
72,1307.81,1.1937,4.2962,1.24885,0.54146,0.39252,0.41003,0.26937,1.32538,inf,1.27983,1.35079e-05,1.35079e-05,1.35079e-05,2
73,1326.17,1.20707,4.31739,1.25245,0.53621,0.39471,0.40976,0.26978,1.32522,inf,1.27929,1.26948e-05,1.26948e-05,1.26948e-05,2
74,1343.84,1.20045,4.28397,1.25399,0.56305,0.39033,0.41106,0.26965,1.32474,inf,1.27824,1.19026e-05,1.19026e-05,1.19026e-05,2
75,1361.83,1.19421,4.28019,1.24604,0.56541,0.38741,0.4111,0.26951,1.32468,inf,1.27911,1.1132e-05,1.1132e-05,1.1132e-05,2
76,1380.57,1.19157,4.25556,1.25015,0.57126,0.38518,0.41073,0.26975,1.32693,inf,1.2812,1.03838e-05,1.03838e-05,1.03838e-05,2
77,1396.84,1.19492,4.27128,1.24493,0.56484,0.38834,0.40989,0.26876,1.32641,inf,1.28012,9.65876e-06,9.65876e-06,9.65876e-06,2
78,1415.36,1.20457,4.34534,1.2628,0.55947,0.38852,0.41011,0.26883,1.32628,inf,1.28017,8.95757e-06,8.95757e-06,8.95757e-06,2
1,24.3411,1.44911,6.18588,1.41518,0.48204,0.35113,0.34585,0.22052,1.40766,inf,1.34248,0.00890737,7.37e-06,7.37e-06,3
2,42.1591,1.43632,6.02598,1.4082,0.48684,0.33665,0.33812,0.21857,1.40277,inf,1.34033,0.00771541,1.54062e-05,1.54062e-05,3
3,57.2911,1.4201,5.95914,1.39425,0.50289,0.34857,0.34675,0.22493,1.39129,inf,1.32928,0.00652343,2.34271e-05,2.34271e-05,3
4,72.5162,1.40028,5.77652,1.37982,0.50164,0.35931,0.35949,0.23451,1.37287,inf,1.31675,0.00533142,3.14208e-05,3.14208e-05,3
5,88.167,1.4106,5.79273,1.38898,0.4995,0.36398,0.37127,0.24255,1.35764,inf,1.30534,0.00413938,3.93757e-05,3.93757e-05,3
6,104.798,1.36611,5.60655,1.36068,0.49725,0.37024,0.37391,0.24498,1.34519,inf,1.29851,0.00294728,4.72801e-05,4.72801e-05,3
7,120.477,1.37004,5.50681,1.36041,0.50721,0.36799,0.37696,0.24645,1.34059,inf,1.29283,0.00175512,5.51224e-05,5.51224e-05,3
8,137.062,1.34881,5.43278,1.34812,0.50127,0.36866,0.37861,0.24783,1.33789,inf,1.29003,0.000562891,6.28912e-05,6.28912e-05,3
9,151.918,1.36114,5.4488,1.35741,0.51669,0.36814,0.38212,0.24945,1.33076,inf,1.28521,6.59581e-05,6.59581e-05,6.59581e-05,3
10,168.241,1.33106,5.29546,1.33322,0.53152,0.36696,0.3831,0.25104,1.33066,inf,1.28323,6.56831e-05,6.56831e-05,6.56831e-05,3
11,183.75,1.32741,5.22373,1.33336,0.53402,0.36573,0.3838,0.25161,1.33011,inf,1.27959,6.53768e-05,6.53768e-05,6.53768e-05,3
12,198.677,1.32938,5.20583,1.33151,0.51723,0.37102,0.38599,0.25396,1.33074,inf,1.28169,6.50393e-05,6.50393e-05,6.50393e-05,3
13,215.469,1.31922,5.13997,1.32569,0.53123,0.37067,0.38972,0.25612,1.32773,inf,1.28112,6.4671e-05,6.4671e-05,6.4671e-05,3
14,229.299,1.31395,5.11048,1.3216,0.52198,0.37029,0.38993,0.25669,1.32395,inf,1.27898,6.42723e-05,6.42723e-05,6.42723e-05,3
15,245.351,1.31869,5.11285,1.32185,0.51395,0.37314,0.38897,0.25598,1.32535,inf,1.28174,6.38436e-05,6.38436e-05,6.38436e-05,3
16,260.1,1.31499,5.08824,1.32022,0.49972,0.38012,0.39237,0.25832,1.32293,inf,1.27925,6.33852e-05,6.33852e-05,6.33852e-05,3
17,276.286,1.31147,5.06369,1.32254,0.53694,0.37271,0.39509,0.25965,1.32438,inf,1.28099,6.28977e-05,6.28977e-05,6.28977e-05,3
18,291.806,1.307,5.06349,1.32291,0.52255,0.37468,0.39622,0.26096,1.32105,inf,1.27531,6.23815e-05,6.23815e-05,6.23815e-05,3
19,307.269,1.29871,4.94785,1.3096,0.5268,0.37899,0.39759,0.26217,1.3202,inf,1.2732,6.18371e-05,6.18371e-05,6.18371e-05,3
20,322.971,1.28557,4.86352,1.30446,0.5233,0.37974,0.39796,0.26255,1.31875,inf,1.27448,6.12651e-05,6.12651e-05,6.12651e-05,3
21,339.682,1.29382,4.91078,1.30651,0.53716,0.37291,0.39862,0.26235,1.31886,inf,1.27477,6.0666e-05,6.0666e-05,6.0666e-05,3
22,354.165,1.27607,4.89255,1.30165,0.52903,0.37713,0.40035,0.26376,1.31909,inf,1.2753,6.00405e-05,6.00405e-05,6.00405e-05,3
23,369.301,1.28357,4.82139,1.30124,0.52513,0.38075,0.40158,0.26456,1.31957,inf,1.27516,5.93891e-05,5.93891e-05,5.93891e-05,3
24,384.682,1.2799,4.7927,1.29779,0.52191,0.38375,0.40089,0.26337,1.3187,inf,1.27505,5.87124e-05,5.87124e-05,5.87124e-05,3
25,400.282,1.29852,4.83726,1.31382,0.53276,0.3789,0.40046,0.26368,1.31545,inf,1.27446,5.80112e-05,5.80112e-05,5.80112e-05,3
26,417.038,1.27231,4.77882,1.29976,0.52466,0.38984,0.40393,0.26551,1.31962,inf,1.27335,5.72862e-05,5.72862e-05,5.72862e-05,3
27,431.672,1.28636,4.87707,1.30653,0.52837,0.38863,0.40367,0.26489,1.31626,inf,1.27311,5.6538e-05,5.6538e-05,5.6538e-05,3
28,448.036,1.2561,4.72065,1.29043,0.54504,0.37837,0.40188,0.26395,1.32193,inf,1.2749,5.57674e-05,5.57674e-05,5.57674e-05,3
29,464.035,1.26098,4.69235,1.28307,0.5463,0.37914,0.40296,0.26481,1.32234,inf,1.27471,5.49752e-05,5.49752e-05,5.49752e-05,3
30,478.939,1.25334,4.67418,1.28533,0.54281,0.38227,0.40361,0.26522,1.32177,inf,1.27547,5.41621e-05,5.41621e-05,5.41621e-05,3
31,495.316,1.25604,4.67506,1.28808,0.52344,0.39057,0.40308,0.26463,1.32073,inf,1.27681,5.33289e-05,5.33289e-05,5.33289e-05,3
32,510.519,1.25767,4.6721,1.28525,0.52006,0.38908,0.40263,0.26448,1.32211,inf,1.27712,5.24765e-05,5.24765e-05,5.24765e-05,3
33,526.706,1.24452,4.59689,1.27327,0.54126,0.38557,0.40297,0.26496,1.32523,inf,1.28195,5.16057e-05,5.16057e-05,5.16057e-05,3
34,541.264,1.24869,4.66614,1.2838,0.52971,0.38649,0.40225,0.26416,1.32425,inf,1.27877,5.07174e-05,5.07174e-05,5.07174e-05,3
35,557.335,1.24215,4.54306,1.26817,0.52586,0.38582,0.4026,0.26387,1.32578,inf,1.27917,4.98124e-05,4.98124e-05,4.98124e-05,3
36,572.634,1.25166,4.67785,1.28427,0.56068,0.37354,0.40104,0.26364,1.32277,inf,1.27707,4.88916e-05,4.88916e-05,4.88916e-05,3
37,588.027,1.22564,4.53706,1.2724,0.54014,0.38089,0.40124,0.26332,1.32603,inf,1.27917,4.7956e-05,4.7956e-05,4.7956e-05,3
38,604.281,1.23057,4.5594,1.2725,0.5543,0.37825,0.40118,0.26315,1.32863,inf,1.27976,4.70064e-05,4.70064e-05,4.70064e-05,3
39,619.148,1.22656,4.50925,1.27011,0.56391,0.37847,0.40217,0.26387,1.32331,inf,1.27829,4.60439e-05,4.60439e-05,4.60439e-05,3
40,635.426,1.22884,4.50225,1.27076,0.54045,0.3829,0.40166,0.26493,1.32504,inf,1.2785,4.50692e-05,4.50692e-05,4.50692e-05,3
41,650.438,1.24346,4.57603,1.27706,0.53547,0.38126,0.40294,0.26427,1.32871,inf,1.27815,4.40835e-05,4.40835e-05,4.40835e-05,3
42,665.803,1.24479,4.56686,1.27994,0.53877,0.3842,0.40293,0.26512,1.32468,inf,1.27982,4.30877e-05,4.30877e-05,4.30877e-05,3
43,681.757,1.23236,4.51589,1.27432,0.55025,0.37464,0.40217,0.26445,1.32823,inf,1.28242,4.20828e-05,4.20828e-05,4.20828e-05,3
44,697.032,1.22822,4.48408,1.26689,0.55672,0.37753,0.40476,0.26531,1.32694,inf,1.28026,4.10697e-05,4.10697e-05,4.10697e-05,3
45,712.723,1.23366,4.50628,1.27452,0.55511,0.38005,0.40426,0.26538,1.32466,inf,1.27927,4.00495e-05,4.00495e-05,4.00495e-05,3
46,727.459,1.21712,4.4711,1.26337,0.55594,0.38196,0.40384,0.26478,1.32582,inf,1.27885,3.90231e-05,3.90231e-05,3.90231e-05,3
47,744.149,1.20531,4.38103,1.25586,0.55436,0.38394,0.40321,0.26412,1.32652,inf,1.28144,3.79917e-05,3.79917e-05,3.79917e-05,3
48,759.119,1.21653,4.42577,1.26673,0.54707,0.38851,0.40607,0.26576,1.32839,inf,1.28105,3.69561e-05,3.69561e-05,3.69561e-05,3
49,775.548,1.20347,4.4003,1.2564,0.52808,0.3911,0.4066,0.26722,1.32668,inf,1.28152,3.59174e-05,3.59174e-05,3.59174e-05,3
50,789.839,1.2148,4.43106,1.26035,0.53826,0.38762,0.40473,0.2658,1.32891,inf,1.2813,3.48767e-05,3.48767e-05,3.48767e-05,3
51,807.023,1.2337,4.45883,1.26912,0.53765,0.38732,0.40466,0.26507,1.32714,inf,1.28049,3.3835e-05,3.3835e-05,3.3835e-05,3
52,821.408,1.22558,4.43866,1.26714,0.53841,0.3892,0.40444,0.26488,1.32699,inf,1.27988,3.27933e-05,3.27933e-05,3.27933e-05,3
53,837.367,1.21692,4.40597,1.26616,0.53486,0.3902,0.4062,0.26566,1.32722,inf,1.27901,3.17526e-05,3.17526e-05,3.17526e-05,3
54,853.379,1.2173,4.40606,1.26586,0.53848,0.39204,0.40653,0.26537,1.32742,inf,1.28044,3.07139e-05,3.07139e-05,3.07139e-05,3
55,868.725,1.2124,4.40903,1.26738,0.54346,0.38792,0.40593,0.26523,1.33123,inf,1.28316,2.96783e-05,2.96783e-05,2.96783e-05,3
56,883.505,1.20262,4.33973,1.25621,0.51681,0.39327,0.40585,0.26539,1.32755,inf,1.27895,2.86469e-05,2.86469e-05,2.86469e-05,3
57,899.298,1.20928,4.37553,1.2597,0.5394,0.38177,0.40605,0.2651,1.33223,inf,1.2828,2.76205e-05,2.76205e-05,2.76205e-05,3
58,916.205,1.19792,4.33063,1.25248,0.52617,0.38791,0.40573,0.26552,1.32958,inf,1.2818,2.66003e-05,2.66003e-05,2.66003e-05,3
59,931.033,1.18957,4.32616,1.24848,0.53813,0.39031,0.40634,0.26591,1.32847,inf,1.28062,2.55872e-05,2.55872e-05,2.55872e-05,3
60,946.662,1.18796,4.30361,1.24562,0.51614,0.39387,0.40606,0.26596,1.32878,inf,1.28201,2.45823e-05,2.45823e-05,2.45823e-05,3
61,962.858,1.20068,4.33657,1.25182,0.52684,0.3903,0.40598,0.26593,1.32916,inf,1.28207,2.35865e-05,2.35865e-05,2.35865e-05,3
62,978.089,1.19831,4.32141,1.2561,0.54401,0.39008,0.40695,0.26626,1.32963,inf,1.2841,2.26008e-05,2.26008e-05,2.26008e-05,3
63,993.75,1.21009,4.34174,1.25862,0.52441,0.39572,0.40667,0.26607,1.32902,inf,1.28295,2.16261e-05,2.16261e-05,2.16261e-05,3
64,1010.06,1.2112,4.33494,1.2612,0.54232,0.3912,0.40665,0.26587,1.32898,inf,1.28231,2.06636e-05,2.06636e-05,2.06636e-05,3
65,1024.82,1.20534,4.31858,1.25182,0.52675,0.39439,0.40665,0.26617,1.32967,inf,1.28208,1.9714e-05,1.9714e-05,1.9714e-05,3
66,1040.17,1.19382,4.2745,1.24826,0.52245,0.39411,0.40582,0.26564,1.32891,inf,1.28232,1.87784e-05,1.87784e-05,1.87784e-05,3
67,1056.07,1.19539,4.30328,1.25027,0.52316,0.39119,0.40673,0.26615,1.32877,inf,1.28192,1.78576e-05,1.78576e-05,1.78576e-05,3
68,1071.93,1.18088,4.22121,1.2427,0.52905,0.38912,0.40657,0.2659,1.32884,inf,1.28278,1.69526e-05,1.69526e-05,1.69526e-05,3
69,1086.05,1.19746,4.27505,1.24566,0.5264,0.39062,0.40742,0.26624,1.32854,inf,1.28316,1.60643e-05,1.60643e-05,1.60643e-05,3
70,1101.6,1.19553,4.29734,1.25064,0.52497,0.38867,0.40705,0.2658,1.33059,inf,1.28297,1.51935e-05,1.51935e-05,1.51935e-05,3
71,1118.47,1.19362,4.26698,1.24876,0.52455,0.39138,0.40684,0.26635,1.33002,inf,1.28317,1.43411e-05,1.43411e-05,1.43411e-05,3
72,1133.05,1.18301,4.23855,1.24211,0.52237,0.39576,0.40689,0.26649,1.32902,inf,1.28378,1.35079e-05,1.35079e-05,1.35079e-05,3
73,1149.94,1.17239,4.22754,1.23969,0.53232,0.38981,0.4068,0.26669,1.33092,inf,1.28461,1.26948e-05,1.26948e-05,1.26948e-05,3
74,1165.11,1.18839,4.29165,1.25061,0.52109,0.3923,0.40629,0.26649,1.33166,inf,1.28407,1.19026e-05,1.19026e-05,1.19026e-05,3
75,1180.06,1.19801,4.31552,1.25221,0.52811,0.38845,0.40644,0.26609,1.33152,inf,1.28463,1.1132e-05,1.1132e-05,1.1132e-05,3
76,1195.15,1.19595,4.30132,1.24848,0.52592,0.39067,0.40627,0.266,1.33201,inf,1.28531,1.03838e-05,1.03838e-05,1.03838e-05,3
77,1211.74,1.19897,4.26526,1.24961,0.52372,0.39274,0.4055,0.26557,1.33258,inf,1.28578,9.65876e-06,9.65876e-06,9.65876e-06,3
78,1227.29,1.20221,4.25559,1.24891,0.5237,0.39499,0.40589,0.26618,1.3329,inf,1.28549,8.95757e-06,8.95757e-06,8.95757e-06,3
79,1242.6,1.19137,4.28202,1.24976,0.51992,0.39555,0.40581,0.266,1.3323,inf,1.28526,8.28093e-06,8.28093e-06,8.28093e-06,3
80,1259.22,1.20913,4.29718,1.25656,0.51065,0.39768,0.40665,0.26602,1.33172,inf,1.28528,7.62951e-06,7.62951e-06,7.62951e-06,3
81,1274.48,1.19305,4.26967,1.25101,0.51733,0.3949,0.4062,0.26621,1.33176,inf,1.28521,7.00395e-06,7.00395e-06,7.00395e-06,3
82,1290.0,1.20139,4.2906,1.25375,0.51929,0.39698,0.40687,0.26639,1.33189,inf,1.28528,6.40487e-06,6.40487e-06,6.40487e-06,3
83,1306.09,1.19892,4.27136,1.25263,0.5187,0.39628,0.40645,0.26594,1.33203,inf,1.28538,5.83286e-06,5.83286e-06,5.83286e-06,3
84,1322.26,1.19183,4.25989,1.24707,0.52046,0.39588,0.4069,0.26609,1.33157,inf,1.2851,5.28849e-06,5.28849e-06,5.28849e-06,3
85,1336.86,1.18052,4.25323,1.24759,0.51807,0.39542,0.4069,0.26589,1.33166,inf,1.28485,4.77229e-06,4.77229e-06,4.77229e-06,3
86,1352.17,1.19063,4.28137,1.25003,0.5187,0.3958,0.40709,0.26633,1.33088,inf,1.28435,4.28477e-06,4.28477e-06,4.28477e-06,3
87,1367.01,1.1802,4.24583,1.24201,0.51825,0.39616,0.40775,0.26649,1.33104,inf,1.28451,3.82641e-06,3.82641e-06,3.82641e-06,3
88,1383.83,1.19444,4.24668,1.24685,0.52047,0.39578,0.40786,0.26695,1.33111,inf,1.28456,3.39767e-06,3.39767e-06,3.39767e-06,3
89,1398.62,1.18792,4.24918,1.24597,0.52398,0.39473,0.40751,0.26692,1.33152,inf,1.285,2.99896e-06,2.99896e-06,2.99896e-06,3
1,20.0034,1.46652,6.37385,1.42479,0.48503,0.34326,0.34405,0.21863,1.41336,inf,1.34734,0.00930469,4.69e-06,4.69e-06,4
2,32.1821,1.44418,6.14002,1.41267,0.47221,0.34509,0.33774,0.21746,1.40688,inf,1.34654,0.00851005,1.00475e-05,1.00475e-05,4
3,43.8869,1.41927,5.97308,1.39679,0.45391,0.34967,0.33597,0.21745,1.40183,inf,1.34,0.00771539,1.53949e-05,1.53949e-05,4
4,56.4975,1.38102,5.76832,1.36864,0.45599,0.3524,0.34238,0.22183,1.38814,inf,1.32664,0.00692072,2.07244e-05,2.07244e-05,4
5,66.8813,1.38699,5.79455,1.37358,0.49321,0.34936,0.34929,0.22701,1.37958,inf,1.32245,0.00612603,2.6028e-05,2.6028e-05,4
6,79.2059,1.38836,5.68013,1.37344,0.49207,0.3479,0.35695,0.23313,1.36886,inf,1.31504,0.0053313,3.12981e-05,3.12981e-05,4
7,91.1696,1.39233,5.67313,1.37343,0.4933,0.35716,0.36339,0.23606,1.36294,inf,1.30981,0.00453653,3.65269e-05,3.65269e-05,4
8,102.571,1.38631,5.6122,1.36964,0.4973,0.35924,0.36897,0.23991,1.35497,inf,1.30541,0.00374171,4.17068e-05,4.17068e-05,4
9,113.448,1.36866,5.4941,1.3524,0.50051,0.3672,0.37123,0.24211,1.35095,inf,1.3009,0.00294683,4.68302e-05,4.68302e-05,4
10,124.779,1.369,5.42731,1.35124,0.52124,0.35599,0.37214,0.24143,1.35192,inf,1.30124,0.00215189,5.18897e-05,5.18897e-05,4
11,136.095,1.38128,5.49482,1.35895,0.51398,0.35886,0.37443,0.24337,1.34723,inf,1.29658,0.00135688,5.68778e-05,5.68778e-05,4
12,147.833,1.35799,5.41225,1.34639,0.51528,0.35812,0.37456,0.24339,1.34451,inf,1.29587,0.000561787,6.17873e-05,6.17873e-05,4
13,159.405,1.34829,5.34555,1.34852,0.50657,0.36628,0.37598,0.24423,1.34379,inf,1.29299,6.4671e-05,6.4671e-05,6.4671e-05,4
14,171.768,1.33126,5.27967,1.3379,0.51455,0.3639,0.37727,0.24576,1.34443,inf,1.29358,6.42723e-05,6.42723e-05,6.42723e-05,4
15,182.857,1.36166,5.33037,1.35767,0.50363,0.36901,0.37735,0.24672,1.33937,inf,1.28966,6.38436e-05,6.38436e-05,6.38436e-05,4
16,193.549,1.31908,5.15448,1.32619,0.50904,0.36684,0.37738,0.24686,1.34102,inf,1.28957,6.33852e-05,6.33852e-05,6.33852e-05,4
17,206.204,1.33885,5.17435,1.33915,0.51367,0.3654,0.37804,0.24661,1.33801,inf,1.28619,6.28977e-05,6.28977e-05,6.28977e-05,4
18,217.822,1.32891,5.16048,1.33447,0.50857,0.36376,0.3777,0.24701,1.33638,inf,1.2856,6.23815e-05,6.23815e-05,6.23815e-05,4
19,230.577,1.30755,5.05969,1.3187,0.50006,0.37728,0.38111,0.2493,1.33751,inf,1.28564,6.18371e-05,6.18371e-05,6.18371e-05,4
20,240.784,1.29213,4.93583,1.30476,0.51139,0.37642,0.38387,0.25086,1.33629,inf,1.28514,6.12651e-05,6.12651e-05,6.12651e-05,4
21,252.287,1.30609,5.06625,1.32417,0.52723,0.36972,0.38468,0.25165,1.33697,inf,1.2865,6.0666e-05,6.0666e-05,6.0666e-05,4
22,264.361,1.30665,4.99121,1.31914,0.51966,0.37497,0.3867,0.25312,1.33504,inf,1.28641,6.00405e-05,6.00405e-05,6.00405e-05,4
23,275.926,1.29783,4.97018,1.31689,0.51095,0.38115,0.38615,0.25232,1.33356,inf,1.2874,5.93891e-05,5.93891e-05,5.93891e-05,4
24,287.122,1.28152,4.86535,1.30451,0.51239,0.37934,0.38585,0.25205,1.3345,inf,1.28705,5.87124e-05,5.87124e-05,5.87124e-05,4
25,297.573,1.28411,4.90362,1.30478,0.53117,0.37391,0.38811,0.25309,1.33578,inf,1.28829,5.80112e-05,5.80112e-05,5.80112e-05,4
26,308.802,1.28891,4.90403,1.31243,0.51057,0.38409,0.38784,0.25264,1.33607,inf,1.287,5.72862e-05,5.72862e-05,5.72862e-05,4
27,321.589,1.26717,4.83924,1.29645,0.52162,0.37696,0.38788,0.25271,1.33554,inf,1.28516,5.6538e-05,5.6538e-05,5.6538e-05,4
28,333.49,1.2804,4.83773,1.30473,0.50186,0.38382,0.38859,0.25234,1.3378,inf,1.28952,5.57674e-05,5.57674e-05,5.57674e-05,4
29,344.351,1.24246,4.65406,1.27909,0.51586,0.38269,0.38848,0.25297,1.33956,inf,1.28885,5.49752e-05,5.49752e-05,5.49752e-05,4
30,356.259,1.28506,4.80424,1.30475,0.51856,0.38018,0.38955,0.25317,1.3386,inf,1.28874,5.41621e-05,5.41621e-05,5.41621e-05,4
31,367.106,1.27242,4.73082,1.29584,0.51872,0.38081,0.38997,0.25414,1.33582,inf,1.28788,5.33289e-05,5.33289e-05,5.33289e-05,4
32,378.377,1.2601,4.71796,1.29168,0.51753,0.37819,0.38875,0.25349,1.33599,inf,1.28764,5.24765e-05,5.24765e-05,5.24765e-05,4
33,388.817,1.2412,4.61455,1.28193,0.51211,0.37778,0.38765,0.25304,1.33631,inf,1.28875,5.16057e-05,5.16057e-05,5.16057e-05,4
34,403.007,1.27952,4.80756,1.30935,0.53183,0.37276,0.38806,0.25275,1.33773,inf,1.28897,5.07174e-05,5.07174e-05,5.07174e-05,4
35,413.42,1.23266,4.50381,1.2623,0.51834,0.37645,0.38819,0.25271,1.33814,inf,1.28775,4.98124e-05,4.98124e-05,4.98124e-05,4
36,424.342,1.24852,4.63625,1.28283,0.52404,0.37857,0.38921,0.25369,1.3385,inf,1.28874,4.88916e-05,4.88916e-05,4.88916e-05,4
37,435.792,1.26086,4.75051,1.28827,0.51685,0.38365,0.39017,0.2534,1.34019,inf,1.28864,4.7956e-05,4.7956e-05,4.7956e-05,4
38,447.579,1.248,4.61626,1.28914,0.52517,0.38188,0.39076,0.25381,1.33965,inf,1.28782,4.70064e-05,4.70064e-05,4.70064e-05,4
39,459.728,1.25136,4.63179,1.28236,0.52018,0.38089,0.39074,0.2542,1.33809,inf,1.28631,4.60439e-05,4.60439e-05,4.60439e-05,4
40,470.934,1.25808,4.65712,1.28732,0.50867,0.3906,0.39034,0.25428,1.33873,inf,1.2874,4.50692e-05,4.50692e-05,4.50692e-05,4
41,481.336,1.23704,4.5806,1.27516,0.50459,0.3866,0.38927,0.25358,1.3404,inf,1.28852,4.40835e-05,4.40835e-05,4.40835e-05,4
42,493.196,1.25187,4.6285,1.28644,0.52969,0.3731,0.38761,0.25291,1.34113,inf,1.28887,4.30877e-05,4.30877e-05,4.30877e-05,4
43,503.839,1.22237,4.46699,1.26601,0.5365,0.37135,0.38735,0.25259,1.33929,inf,1.28756,4.20828e-05,4.20828e-05,4.20828e-05,4
44,516.636,1.26903,4.69779,1.29625,0.52152,0.37801,0.38844,0.25282,1.33906,inf,1.28796,4.10697e-05,4.10697e-05,4.10697e-05,4
45,528.576,1.23305,4.52865,1.27316,0.52593,0.37947,0.38988,0.25378,1.33887,inf,1.28718,4.00495e-05,4.00495e-05,4.00495e-05,4
46,539.466,1.23615,4.55515,1.26834,0.52409,0.38665,0.39192,0.25498,1.34039,inf,1.28792,3.90231e-05,3.90231e-05,3.90231e-05,4
47,550.498,1.22337,4.54131,1.27471,0.52908,0.38151,0.39176,0.25546,1.33997,inf,1.28734,3.79917e-05,3.79917e-05,3.79917e-05,4
48,562.319,1.22917,4.56833,1.27202,0.5319,0.37791,0.39082,0.25455,1.33904,inf,1.28666,3.69561e-05,3.69561e-05,3.69561e-05,4
49,573.496,1.20156,4.41376,1.25557,0.53098,0.38092,0.39144,0.25555,1.34114,inf,1.28943,3.59174e-05,3.59174e-05,3.59174e-05,4
50,584.607,1.23937,4.54112,1.28247,0.53618,0.37563,0.39072,0.25552,1.3431,inf,1.29147,3.48767e-05,3.48767e-05,3.48767e-05,4
51,595.721,1.22313,4.48842,1.2599,0.54618,0.37494,0.3919,0.25602,1.34256,inf,1.29197,3.3835e-05,3.3835e-05,3.3835e-05,4
52,607.861,1.20512,4.40474,1.25924,0.53653,0.37815,0.39366,0.25636,1.34144,inf,1.29081,3.27933e-05,3.27933e-05,3.27933e-05,4
53,619.863,1.21147,4.41889,1.26018,0.52451,0.38181,0.39283,0.25579,1.34185,inf,1.29143,3.17526e-05,3.17526e-05,3.17526e-05,4
54,630.707,1.22645,4.47282,1.27164,0.5217,0.38307,0.39246,0.25521,1.34255,inf,1.29147,3.07139e-05,3.07139e-05,3.07139e-05,4
55,642.559,1.22169,4.4201,1.26922,0.53022,0.38184,0.39322,0.25602,1.34102,inf,1.29032,2.96783e-05,2.96783e-05,2.96783e-05,4
56,654.1,1.19091,4.31792,1.2444,0.52655,0.38549,0.39377,0.25649,1.3417,inf,1.29058,2.86469e-05,2.86469e-05,2.86469e-05,4
57,665.917,1.18611,4.3165,1.25032,0.5154,0.38842,0.39335,0.25637,1.34284,inf,1.29093,2.76205e-05,2.76205e-05,2.76205e-05,4
58,677.017,1.20879,4.43022,1.25837,0.51648,0.38921,0.39315,0.25669,1.34276,inf,1.2914,2.66003e-05,2.66003e-05,2.66003e-05,4
59,688.38,1.21488,4.42049,1.25815,0.52204,0.38721,0.39325,0.25655,1.34147,inf,1.29146,2.55872e-05,2.55872e-05,2.55872e-05,4
60,699.936,1.20039,4.39824,1.25749,0.53972,0.37945,0.39381,0.25632,1.34145,inf,1.29316,2.45823e-05,2.45823e-05,2.45823e-05,4
61,711.273,1.20162,4.36607,1.25799,0.53352,0.38292,0.39314,0.25555,1.34308,inf,1.29329,2.35865e-05,2.35865e-05,2.35865e-05,4
62,723.157,1.19374,4.33783,1.25429,0.53086,0.38393,0.39251,0.25496,1.34509,inf,1.2941,2.26008e-05,2.26008e-05,2.26008e-05,4
63,733.983,1.2129,4.39845,1.26078,0.53032,0.38716,0.39339,0.25541,1.34425,inf,1.29371,2.16261e-05,2.16261e-05,2.16261e-05,4
64,745.685,1.1883,4.27455,1.24412,0.52626,0.38747,0.39303,0.25503,1.34396,inf,1.29314,2.06636e-05,2.06636e-05,2.06636e-05,4
65,756.836,1.20651,4.35244,1.25945,0.53875,0.38209,0.39298,0.25502,1.34565,inf,1.29381,1.9714e-05,1.9714e-05,1.9714e-05,4
66,768.581,1.17978,4.34594,1.24884,0.54285,0.38028,0.3937,0.25507,1.34637,inf,1.29485,1.87784e-05,1.87784e-05,1.87784e-05,4
67,779.924,1.22052,4.43726,1.27139,0.53127,0.38058,0.39285,0.25469,1.34665,inf,1.2945,1.78576e-05,1.78576e-05,1.78576e-05,4
68,790.583,1.21698,4.40409,1.26737,0.53705,0.37848,0.39215,0.25469,1.3472,inf,1.29486,1.69526e-05,1.69526e-05,1.69526e-05,4
69,802.902,1.18898,4.34302,1.24661,0.53833,0.37908,0.39231,0.25494,1.34686,inf,1.29521,1.60643e-05,1.60643e-05,1.60643e-05,4
70,814.054,1.17877,4.3235,1.2433,0.53921,0.3787,0.39264,0.25505,1.34546,inf,1.29415,1.51935e-05,1.51935e-05,1.51935e-05,4
71,825.252,1.20288,4.36593,1.25841,0.5358,0.38055,0.39325,0.25557,1.34419,inf,1.29379,1.43411e-05,1.43411e-05,1.43411e-05,4
72,836.522,1.20809,4.34335,1.25612,0.5307,0.38442,0.39295,0.25533,1.34487,inf,1.2945,1.35079e-05,1.35079e-05,1.35079e-05,4
73,847.225,1.18088,4.33318,1.24586,0.52614,0.38522,0.39199,0.25484,1.34664,inf,1.29579,1.26948e-05,1.26948e-05,1.26948e-05,4
74,858.84,1.18379,4.27254,1.24359,0.52552,0.38451,0.39234,0.25475,1.34675,inf,1.29575,1.19026e-05,1.19026e-05,1.19026e-05,4
75,872.396,1.19355,4.31648,1.25385,0.52416,0.38359,0.39296,0.25472,1.34705,inf,1.29612,1.1132e-05,1.1132e-05,1.1132e-05,4
76,883.304,1.20027,4.32864,1.25321,0.52691,0.38193,0.39306,0.25458,1.347,inf,1.29637,1.03838e-05,1.03838e-05,1.03838e-05,4
77,895.029,1.21883,4.39739,1.26636,0.52874,0.3815,0.39314,0.25453,1.34711,inf,1.29658,9.65876e-06,9.65876e-06,9.65876e-06,4
78,905.923,1.1912,4.33631,1.24995,0.53283,0.38085,0.39258,0.25458,1.34659,inf,1.29604,8.95757e-06,8.95757e-06,8.95757e-06,4
79,916.925,1.20989,4.37111,1.26544,0.52205,0.38444,0.39184,0.25408,1.34708,inf,1.29633,8.28093e-06,8.28093e-06,8.28093e-06,4
80,928.768,1.2017,4.34451,1.25623,0.51961,0.38765,0.39162,0.25407,1.34784,inf,1.29687,7.62951e-06,7.62951e-06,7.62951e-06,4
81,940.898,1.17522,4.21415,1.24037,0.52021,0.38905,0.39166,0.25404,1.34847,inf,1.29727,7.00395e-06,7.00395e-06,7.00395e-06,4
82,951.775,1.18821,4.32855,1.25236,0.51951,0.38906,0.39188,0.2542,1.34884,inf,1.29791,6.40487e-06,6.40487e-06,6.40487e-06,4
83,963.092,1.16704,4.14343,1.23394,0.52033,0.38743,0.39154,0.25391,1.34821,inf,1.29754,5.83286e-06,5.83286e-06,5.83286e-06,4
84,974.671,1.18285,4.23661,1.24121,0.52351,0.38625,0.39165,0.25385,1.34763,inf,1.29743,5.28849e-06,5.28849e-06,5.28849e-06,4
85,986.014,1.1679,4.18643,1.23087,0.52316,0.38771,0.39245,0.25421,1.34796,inf,1.29757,4.77229e-06,4.77229e-06,4.77229e-06,4
86,998.38,1.20452,4.28367,1.25089,0.52328,0.3872,0.39223,0.25413,1.34777,inf,1.29739,4.28477e-06,4.28477e-06,4.28477e-06,4
87,1008.91,1.2062,4.34291,1.25922,0.5249,0.38572,0.39229,0.25442,1.34767,inf,1.29714,3.82641e-06,3.82641e-06,3.82641e-06,4
88,1020.52,1.2162,4.41655,1.26829,0.52316,0.38652,0.39229,0.25438,1.34801,inf,1.29721,3.39767e-06,3.39767e-06,3.39767e-06,4
89,1031.89,1.1825,4.28336,1.24194,0.5266,0.38595,0.39219,0.25434,1.34808,inf,1.29706,2.99896e-06,2.99896e-06,2.99896e-06,4
90,1043.98,1.19202,4.30809,1.25051,0.52818,0.38649,0.39268,0.25471,1.34766,inf,1.29666,2.63069e-06,2.63069e-06,2.63069e-06,4
91,1058.92,0.83976,2.842,1.01449,0.52647,0.38702,0.39201,0.25395,1.34409,inf,1.29384,2.29321e-06,2.29321e-06,2.29321e-06,4
92,1067.92,0.8373,2.81148,1.01343,0.50962,0.39093,0.39222,0.25379,1.34094,inf,1.29148,1.98686e-06,1.98686e-06,1.98686e-06,4
93,1077.01,0.82501,2.80176,1.00956,0.50746,0.38892,0.39055,0.25271,1.33983,inf,1.29081,1.71194e-06,1.71194e-06,1.71194e-06,4
94,1085.9,0.84281,2.77173,1.0125,0.50553,0.38729,0.38881,0.25134,1.33982,inf,1.29002,1.46872e-06,1.46872e-06,1.46872e-06,4
95,1094.63,0.82868,2.71631,1.00656,0.51894,0.37894,0.38727,0.25031,1.34031,inf,1.29017,1.25744e-06,1.25744e-06,1.25744e-06,4
96,1103.4,0.85088,2.74999,1.0172,0.51949,0.37741,0.38625,0.24952,1.34112,inf,1.29069,1.07832e-06,1.07832e-06,1.07832e-06,4
97,1112.39,0.83048,2.71165,1.00853,0.51521,0.37858,0.38524,0.24905,1.34231,inf,1.29154,9.31516e-07,9.31516e-07,9.31516e-07,4
98,1121.46,0.83786,2.72052,1.01067,0.50956,0.38021,0.38446,0.24886,1.34348,inf,1.29238,8.17187e-07,8.17187e-07,8.17187e-07,4
1,14.8663,0.98852,3.66131,1.12654,0.48719,0.34084,0.34343,0.2184,1.41115,inf,1.34545,0.00960268,2.68e-06,2.68e-06,5
2,23.2949,1.05533,3.92075,1.16693,0.49798,0.33058,0.33589,0.21492,1.42673,inf,1.35251,0.00910603,6.02853e-06,6.02853e-06,5
3,31.0916,1.01676,3.63638,1.14034,0.49548,0.33065,0.33395,0.21289,1.42964,inf,1.35162,0.00860937,9.37084e-06,9.37084e-06,5
4,38.5547,1.09306,4.04169,1.18661,0.47929,0.33899,0.33818,0.2152,1.42452,inf,1.34766,0.0081127,1.2702e-05,1.2702e-05,5
5,45.6783,1.05764,3.74627,1.15678,0.47984,0.34079,0.33971,0.21685,1.4273,inf,1.3493,0.00761602,1.60172e-05,1.60172e-05,5
6,52.7169,1.03309,3.69755,1.14177,0.497,0.33667,0.33992,0.2172,1.42993,inf,1.35095,0.00711931,1.93116e-05,1.93116e-05,5
7,59.5644,1.01227,3.49695,1.1159,0.48202,0.33902,0.34,0.21727,1.43011,inf,1.35277,0.00662258,2.25803e-05,2.25803e-05,5
8,66.6289,1.04482,3.67284,1.15496,0.48463,0.342,0.34156,0.21777,1.42996,inf,1.35271,0.00612582,2.58185e-05,2.58185e-05,5
9,73.7021,1.0186,3.5011,1.12698,0.47951,0.34765,0.3427,0.21853,1.43135,inf,1.35311,0.00562902,2.90215e-05,2.90215e-05,5
10,80.593,1.02141,3.57718,1.1464,0.49001,0.34118,0.34206,0.21879,1.43008,inf,1.35314,0.00513218,3.21847e-05,3.21847e-05,5
11,88.0145,1.02233,3.68685,1.1557,0.49587,0.3381,0.34131,0.21845,1.42891,inf,1.35335,0.0046353,3.53035e-05,3.53035e-05,5
12,95.3903,1.07879,3.84251,1.18723,0.50344,0.3365,0.34338,0.21916,1.42728,inf,1.35281,0.00413837,3.83732e-05,3.83732e-05,5
13,102.494,1.02931,3.6023,1.15752,0.49321,0.34153,0.34317,0.21849,1.4271,inf,1.35198,0.00364139,4.13895e-05,4.13895e-05,5
14,109.542,1.00587,3.46116,1.1348,0.49272,0.33886,0.34278,0.21836,1.42834,inf,1.35185,0.00314435,4.43479e-05,4.43479e-05,5
15,116.542,1.03191,3.53373,1.1432,0.4812,0.34509,0.342,0.21796,1.42886,inf,1.35132,0.00264724,4.72443e-05,4.72443e-05,5
16,124.017,0.99502,3.46713,1.12363,0.48703,0.34002,0.34219,0.21807,1.42956,inf,1.35189,0.00215007,5.00743e-05,5.00743e-05,5
17,131.243,1.04664,3.48929,1.15126,0.48684,0.34133,0.34295,0.21867,1.43064,inf,1.35295,0.00165283,5.28341e-05,5.28341e-05,5
18,138.02,1.03242,3.50228,1.14995,0.49033,0.33908,0.34335,0.21777,1.43174,inf,1.35547,0.00115552,5.55195e-05,5.55195e-05,5
19,144.84,1.01008,3.54337,1.14787,0.49158,0.33618,0.34246,0.21723,1.43064,inf,1.35564,0.000658127,5.81269e-05,5.81269e-05,5
20,152.418,0.9907,3.49728,1.14825,0.49087,0.3383,0.34295,0.21775,1.42612,inf,1.35368,0.000160652,6.06525e-05,6.06525e-05,5
21,159.027,1.02116,3.37484,1.14131,0.48689,0.33821,0.34251,0.2179,1.42229,inf,1.35062,6.0666e-05,6.0666e-05,6.0666e-05,5
22,166.291,0.98282,3.34052,1.10884,0.48555,0.3392,0.34189,0.21759,1.42211,inf,1.35246,6.00405e-05,6.00405e-05,6.00405e-05,5
23,172.82,0.97957,3.3616,1.13593,0.48703,0.33597,0.34073,0.21614,1.4238,inf,1.35566,5.93891e-05,5.93891e-05,5.93891e-05,5
24,180.048,0.98591,3.33385,1.1092,0.47356,0.34178,0.34216,0.21665,1.42589,inf,1.35762,5.87124e-05,5.87124e-05,5.87124e-05,5
25,187.015,1.0042,3.47111,1.14182,0.47323,0.34259,0.34172,0.21608,1.42834,inf,1.35832,5.80112e-05,5.80112e-05,5.80112e-05,5
26,194.01,1.00254,3.45922,1.13445,0.47015,0.34412,0.34317,0.21679,1.42988,inf,1.35856,5.72862e-05,5.72862e-05,5.72862e-05,5
27,201.03,0.99442,3.45484,1.1391,0.4778,0.3413,0.34417,0.21793,1.42707,inf,1.35702,5.6538e-05,5.6538e-05,5.6538e-05,5
28,208.037,0.99859,3.46527,1.12974,0.47879,0.34052,0.34352,0.21767,1.42731,inf,1.35601,5.57674e-05,5.57674e-05,5.57674e-05,5
29,215.165,0.97259,3.36608,1.13626,0.47556,0.33953,0.34111,0.21663,1.43115,inf,1.35725,5.49752e-05,5.49752e-05,5.49752e-05,5
30,222.37,1.04624,3.54698,1.16673,0.50116,0.33435,0.34127,0.21647,1.43351,inf,1.35788,5.41621e-05,5.41621e-05,5.41621e-05,5
31,229.257,1.01111,3.55833,1.14995,0.49358,0.33672,0.3409,0.21587,1.4341,inf,1.35772,5.33289e-05,5.33289e-05,5.33289e-05,5
32,236.156,1.00685,3.3397,1.13894,0.50022,0.33281,0.33923,0.2148,1.43622,inf,1.36072,5.24765e-05,5.24765e-05,5.24765e-05,5
33,243.162,0.99487,3.41402,1.14712,0.48818,0.3324,0.33797,0.21395,1.4371,inf,1.36196,5.16057e-05,5.16057e-05,5.16057e-05,5
34,250.299,1.00073,3.32539,1.13135,0.47809,0.3402,0.33967,0.21511,1.43397,inf,1.3603,5.07174e-05,5.07174e-05,5.07174e-05,5
35,257.28,0.98118,3.305,1.11639,0.48216,0.34116,0.34016,0.21596,1.43045,inf,1.35842,4.98124e-05,4.98124e-05,4.98124e-05,5
36,263.975,0.96147,3.2465,1.11307,0.48213,0.34287,0.34229,0.21653,1.43052,inf,1.35778,4.88916e-05,4.88916e-05,4.88916e-05,5
37,271.427,1.01046,3.25392,1.13628,0.48473,0.34218,0.34265,0.21652,1.43131,inf,1.35886,4.7956e-05,4.7956e-05,4.7956e-05,5
38,278.312,0.99195,3.37621,1.12712,0.48255,0.34673,0.34398,0.21774,1.42968,inf,1.35853,4.70064e-05,4.70064e-05,4.70064e-05,5
39,285.283,0.97377,3.208,1.10663,0.48831,0.34434,0.34365,0.21727,1.42967,inf,1.35985,4.60439e-05,4.60439e-05,4.60439e-05,5
40,292.463,0.96236,3.26198,1.11398,0.48747,0.34174,0.34214,0.21653,1.43133,inf,1.36331,4.50692e-05,4.50692e-05,4.50692e-05,5
41,299.951,0.96657,3.26092,1.11372,0.50212,0.33145,0.34184,0.21638,1.43178,inf,1.36392,4.40835e-05,4.40835e-05,4.40835e-05,5
42,307.921,0.97563,3.33391,1.12245,0.49342,0.33656,0.34198,0.2167,1.4307,inf,1.36234,4.30877e-05,4.30877e-05,4.30877e-05,5
43,322.338,0.98367,3.30078,1.1193,0.48963,0.34178,0.34281,0.21735,1.43024,inf,1.36177,4.20828e-05,4.20828e-05,4.20828e-05,5
44,329.889,0.9587,3.19885,1.11988,0.49157,0.33902,0.34305,0.2172,1.43181,inf,1.36181,4.10697e-05,4.10697e-05,4.10697e-05,5
45,337.279,1.00278,3.39359,1.12974,0.49161,0.33709,0.34141,0.2161,1.43353,inf,1.36366,4.00495e-05,4.00495e-05,4.00495e-05,5
46,344.538,0.95744,3.20277,1.11661,0.48894,0.34076,0.34106,0.2159,1.43303,inf,1.3651,3.90231e-05,3.90231e-05,3.90231e-05,5
47,351.296,0.90077,3.02759,1.08146,0.4872,0.34115,0.34234,0.21638,1.43322,inf,1.36609,3.79917e-05,3.79917e-05,3.79917e-05,5
48,358.577,0.92755,3.1111,1.09434,0.49093,0.34304,0.34433,0.21792,1.43057,inf,1.36478,3.69561e-05,3.69561e-05,3.69561e-05,5
49,365.494,0.98174,3.35624,1.12281,0.48324,0.34577,0.34391,0.21786,1.42978,inf,1.36444,3.59174e-05,3.59174e-05,3.59174e-05,5
50,372.705,1.00031,3.32679,1.13472,0.48196,0.34609,0.34414,0.21738,1.43235,inf,1.36606,3.48767e-05,3.48767e-05,3.48767e-05,5
51,379.817,0.91218,3.11512,1.08888,0.4923,0.33838,0.34328,0.21718,1.43101,inf,1.36563,3.3835e-05,3.3835e-05,3.3835e-05,5
52,386.697,0.96438,3.2516,1.11768,0.49107,0.34363,0.3447,0.21806,1.42813,inf,1.36323,3.27933e-05,3.27933e-05,3.27933e-05,5
1,12.1657,1.42255,6.04575,1.39416,0.48396,0.34089,0.3425,0.21761,1.41165,inf,1.34577,0.00990067,6.7e-07,6.7e-07,6
2,19.2386,1.37507,5.94086,1.35817,0.49012,0.33871,0.34318,0.21794,1.41189,inf,1.34615,0.00970201,2.00951e-06,2.00951e-06,6
3,40.0846,1.4099,6.04261,1.39032,0.48801,0.34041,0.3436,0.21831,1.41245,inf,1.34657,0.00950335,3.34673e-06,3.34673e-06,6
4,66.4945,1.37335,5.89356,1.37268,0.47736,0.3483,0.34383,0.21925,1.41137,inf,1.34534,0.00930468,4.6797e-06,4.6797e-06,6
5,90.6703,1.3474,5.74015,1.34641,0.49167,0.34457,0.34317,0.21988,1.41152,inf,1.34555,0.00910601,6.00646e-06,6.00646e-06,6
6,107.357,1.39532,6.07312,1.38053,0.48624,0.34632,0.34067,0.21899,1.41211,inf,1.34579,0.00890733,7.32509e-06,7.32509e-06,6
7,132.572,1.39222,6.06046,1.3878,0.49249,0.34423,0.33754,0.21706,1.41464,inf,1.34659,0.00870863,8.63363e-06,8.63363e-06,6
8,146.804,1.42743,6.0319,1.40161,0.5022,0.33689,0.33325,0.21451,1.41942,inf,1.3488,0.00850993,9.93019e-06,9.93019e-06,6
9,169.125,1.3594,5.80847,1.37767,0.48868,0.34021,0.33043,0.21204,1.4228,inf,1.35034,0.00831121,1.12129e-05,1.12129e-05,6
10,194.463,1.36034,5.83929,1.36264,0.47718,0.33997,0.3274,0.21019,1.42471,inf,1.3528,0.00811248,1.24798e-05,1.24798e-05,6
11,210.226,1.3327,5.45564,1.34093,0.4657,0.34435,0.32578,0.20917,1.42446,inf,1.35286,0.00791373,1.37291e-05,1.37291e-05,6
12,232.244,1.35936,5.65135,1.36028,0.46721,0.34009,0.32481,0.20907,1.42318,inf,1.35174,0.00771496,1.4959e-05,1.4959e-05,6
13,255.104,1.33312,5.50986,1.35018,0.46879,0.3397,0.32418,0.20897,1.42271,inf,1.35115,0.00751617,1.61678e-05,1.61678e-05,6
14,272.188,1.35303,5.5955,1.35845,0.47468,0.34094,0.32534,0.20928,1.42164,inf,1.35014,0.00731735,1.73535e-05,1.73535e-05,6
15,295.183,1.32844,5.60731,1.34976,0.47655,0.34096,0.32638,0.20993,1.41965,inf,1.34781,0.00711851,1.85146e-05,1.85146e-05,6
16,306.986,1.35887,5.67217,1.36123,0.4762,0.34099,0.32717,0.21108,1.41784,inf,1.34653,0.00691965,1.96494e-05,1.96494e-05,6
17,331.976,1.30611,5.29022,1.32253,0.47451,0.339,0.3286,0.21227,1.4167,inf,1.34545,0.00672076,2.07562e-05,2.07562e-05,6
18,346.558,1.35594,5.54132,1.3584,0.47103,0.34117,0.33068,0.21336,1.41458,inf,1.34388,0.00652183,2.18335e-05,2.18335e-05,6
19,368.276,1.25929,5.14077,1.28854,0.46589,0.34376,0.33251,0.21426,1.41298,inf,1.34223,0.00632288,2.28797e-05,2.28797e-05,6
20,383.72,1.35222,5.5842,1.36126,0.47088,0.34293,0.33373,0.21514,1.41055,inf,1.34019,0.00612389,2.38934e-05,2.38934e-05,6
21,404.793,1.30868,5.37557,1.33623,0.47098,0.34634,0.33602,0.21621,1.40808,inf,1.33804,0.00592487,2.48731e-05,2.48731e-05,6
22,420.047,1.29397,5.17338,1.32485,0.46395,0.35072,0.33756,0.21727,1.406,inf,1.33617,0.00572582,2.58174e-05,2.58174e-05,6
23,439.746,1.26199,5.10378,1.29755,0.46787,0.35108,0.33887,0.218,1.40349,inf,1.33452,0.00552673,2.67251e-05,2.67251e-05,6
24,459.848,1.31858,5.42881,1.35494,0.47484,0.34762,0.33998,0.2189,1.40174,inf,1.33369,0.00532759,2.75948e-05,2.75948e-05,6
25,482.563,1.27549,5.19378,1.32689,0.49012,0.34062,0.34149,0.22005,1.40048,inf,1.33299,0.00512843,2.84255e-05,2.84255e-05,6
26,501.743,1.25448,5.06744,1.31258,0.48816,0.3438,0.34292,0.22098,1.39985,inf,1.33272,0.00492922,2.9216e-05,2.9216e-05,6
27,514.673,1.2493,5.05557,1.28958,0.47596,0.3504,0.34473,0.22216,1.39822,inf,1.33194,0.00472997,2.99651e-05,2.99651e-05,6
28,533.718,1.27635,5.17013,1.32128,0.47949,0.35048,0.3453,0.22292,1.39752,inf,1.33129,0.00453067,3.06721e-05,3.06721e-05,6
29,554.245,1.28954,5.26529,1.32385,0.48251,0.35137,0.34685,0.22396,1.3965,inf,1.33028,0.00433134,3.13358e-05,3.13358e-05,6
30,577.831,1.29995,5.05219,1.32157,0.49412,0.34593,0.34831,0.22483,1.39553,inf,1.32931,0.00413196,3.19556e-05,3.19556e-05,6
31,597.177,1.25004,4.95566,1.29793,0.4887,0.34872,0.34923,0.22531,1.39407,inf,1.3279,0.00393253,3.25306e-05,3.25306e-05,6
32,618.651,1.2907,4.97293,1.32105,0.4912,0.3484,0.35012,0.22601,1.393,inf,1.32661,0.00373306,3.30602e-05,3.30602e-05,6
33,631.885,1.29501,4.98426,1.31333,0.47497,0.35767,0.35154,0.22702,1.39198,inf,1.32532,0.00353354,3.35437e-05,3.35437e-05,6
34,648.895,1.26665,4.96016,1.29798,0.48164,0.35701,0.35226,0.22763,1.39086,inf,1.32455,0.00333398,3.39806e-05,3.39806e-05,6
35,663.07,1.26366,5.03468,1.30549,0.48144,0.35632,0.35382,0.22831,1.3899,inf,1.32407,0.00313437,3.43705e-05,3.43705e-05,6
36,678.712,1.26323,4.90257,1.29738,0.47982,0.36029,0.35411,0.22846,1.38872,inf,1.3234,0.00293471,3.4713e-05,3.4713e-05,6
37,692.708,1.26146,4.883,1.29139,0.4846,0.35946,0.3545,0.22852,1.38751,inf,1.32273,0.00273501,3.50079e-05,3.50079e-05,6
38,710.868,1.23526,4.87468,1.28841,0.49033,0.35592,0.35481,0.22836,1.38702,inf,1.32283,0.00253525,3.52548e-05,3.52548e-05,6
39,724.318,1.23139,4.72169,1.2934,0.49108,0.35536,0.35443,0.22807,1.38713,inf,1.32334,0.00233545,3.54538e-05,3.54538e-05,6
40,739.858,1.20987,4.63048,1.27072,0.4925,0.35474,0.35489,0.22788,1.38748,inf,1.324,0.0021356,3.56047e-05,3.56047e-05,6
41,754.703,1.24281,4.80138,1.29582,0.49196,0.35575,0.35513,0.22792,1.3882,inf,1.32485,0.00193571,3.57077e-05,3.57077e-05,6
42,769.353,1.21155,4.6062,1.26987,0.48802,0.35759,0.3546,0.22777,1.38846,inf,1.32532,0.00173576,3.57628e-05,3.57628e-05,6
43,778.32,1.22932,4.70886,1.28743,0.48952,0.35758,0.35446,0.22761,1.38866,inf,1.32589,0.00153577,3.57704e-05,3.57704e-05,6
44,788.319,1.19749,4.56874,1.24775,0.49031,0.35715,0.35427,0.22719,1.38806,inf,1.32631,0.00133573,3.57307e-05,3.57307e-05,6
45,798.891,1.25615,4.74996,1.28604,0.48629,0.35925,0.35393,0.22752,1.38722,inf,1.32593,0.00113564,3.56441e-05,3.56441e-05,6
46,814.447,1.21137,4.64089,1.27132,0.48944,0.36144,0.3538,0.22723,1.3867,inf,1.32582,0.000935511,3.55111e-05,3.55111e-05,6
47,830.583,1.21509,4.62344,1.27711,0.48895,0.3624,0.35395,0.22733,1.387,inf,1.32626,0.000735332,3.53323e-05,3.53323e-05,6
48,843.732,1.251,4.83913,1.29909,0.49202,0.36145,0.35409,0.22724,1.38709,inf,1.32673,0.000535108,3.51083e-05,3.51083e-05,6
49,853.193,1.21601,4.70713,1.28011,0.49071,0.36108,0.3538,0.22718,1.38769,inf,1.32718,0.00033484,3.48399e-05,3.48399e-05,6
50,861.456,1.17896,4.58507,1.26494,0.48878,0.35974,0.35398,0.22684,1.38823,inf,1.32782,0.000134528,3.4528e-05,3.4528e-05,6
51,873.713,1.21368,4.64005,1.28225,0.4899,0.35891,0.35395,0.22673,1.38896,inf,1.32859,3.3835e-05,3.3835e-05,3.3835e-05,6
52,882.35,1.22477,4.61616,1.27724,0.49042,0.35811,0.35422,0.22685,1.38987,inf,1.32942,3.27933e-05,3.27933e-05,3.27933e-05,6
53,895.291,1.25699,4.8776,1.29928,0.49293,0.35701,0.35498,0.22726,1.39006,inf,1.32965,3.17526e-05,3.17526e-05,3.17526e-05,6
54,904.728,1.19273,4.51031,1.26561,0.49759,0.35615,0.35499,0.22713,1.38977,inf,1.32971,3.07139e-05,3.07139e-05,3.07139e-05,6
55,915.745,1.16225,4.35362,1.23498,0.50147,0.35546,0.35551,0.22739,1.38933,inf,1.32966,2.96783e-05,2.96783e-05,2.96783e-05,6
56,925.876,1.18035,4.63033,1.26907,0.5039,0.35471,0.35537,0.22754,1.38864,inf,1.32912,2.86469e-05,2.86469e-05,2.86469e-05,6
57,936.967,1.15452,4.42953,1.24573,0.50967,0.35249,0.35623,0.22812,1.38819,inf,1.32911,2.76205e-05,2.76205e-05,2.76205e-05,6
58,948.38,1.20759,4.56106,1.26611,0.50863,0.35212,0.35625,0.22842,1.3886,inf,1.32982,2.66003e-05,2.66003e-05,2.66003e-05,6
59,959.772,1.1822,4.41216,1.25657,0.51027,0.35161,0.35632,0.22833,1.38877,inf,1.33051,2.55872e-05,2.55872e-05,2.55872e-05,6
60,968.587,1.18082,4.51813,1.25559,0.51054,0.35325,0.35641,0.22805,1.3891,inf,1.33129,2.45823e-05,2.45823e-05,2.45823e-05,6
61,977.755,1.1813,4.34836,1.25317,0.50445,0.3555,0.35619,0.22768,1.3896,inf,1.3322,2.35865e-05,2.35865e-05,2.35865e-05,6
62,989.623,1.15432,4.32729,1.23398,0.50156,0.35511,0.35617,0.22785,1.38996,inf,1.3328,2.26008e-05,2.26008e-05,2.26008e-05,6
63,1001.96,1.21299,4.67195,1.28372,0.49944,0.35424,0.35626,0.22796,1.39012,inf,1.33351,2.16261e-05,2.16261e-05,2.16261e-05,6
64,1013.0,1.17703,4.42949,1.25049,0.49854,0.35498,0.35656,0.22817,1.39017,inf,1.33373,2.06636e-05,2.06636e-05,2.06636e-05,6
65,1026.69,1.18665,4.40122,1.2595,0.49842,0.3556,0.35682,0.22815,1.38998,inf,1.33368,1.9714e-05,1.9714e-05,1.9714e-05,6
66,1038.18,1.14927,4.36028,1.23845,0.49878,0.3549,0.35692,0.2282,1.38971,inf,1.33359,1.87784e-05,1.87784e-05,1.87784e-05,6
67,1052.42,1.13212,4.32952,1.2348,0.49537,0.35651,0.35678,0.22832,1.38951,inf,1.33321,1.78576e-05,1.78576e-05,1.78576e-05,6
68,1062.21,1.16867,4.37353,1.24107,0.49266,0.3577,0.357,0.22857,1.38962,inf,1.33323,1.69526e-05,1.69526e-05,1.69526e-05,6
69,1074.21,1.18192,4.53047,1.2591,0.49371,0.35594,0.35688,0.22847,1.39015,inf,1.33349,1.60643e-05,1.60643e-05,1.60643e-05,6
70,1088.08,1.17979,4.46379,1.25377,0.49248,0.35695,0.3572,0.22858,1.39071,inf,1.33371,1.51935e-05,1.51935e-05,1.51935e-05,6
71,1098.89,1.15064,4.29462,1.23353,0.49242,0.35658,0.35745,0.22841,1.39062,inf,1.3334,1.43411e-05,1.43411e-05,1.43411e-05,6
72,1110.67,1.1185,4.15463,1.21507,0.49369,0.35556,0.35711,0.22805,1.39053,inf,1.33302,1.35079e-05,1.35079e-05,1.35079e-05,6
73,1124.9,1.12313,4.21136,1.22863,0.49366,0.3547,0.35733,0.22814,1.39082,inf,1.33314,1.26948e-05,1.26948e-05,1.26948e-05,6
74,1134.48,1.19858,4.45901,1.26745,0.49195,0.35596,0.35715,0.22802,1.39122,inf,1.33327,1.19026e-05,1.19026e-05,1.19026e-05,6
75,1145.42,1.13521,4.25641,1.23321,0.49586,0.35478,0.35753,0.22836,1.3915,inf,1.33335,1.1132e-05,1.1132e-05,1.1132e-05,6
76,1154.44,1.18907,4.45374,1.25169,0.49483,0.35542,0.35754,0.22829,1.39158,inf,1.33341,1.03838e-05,1.03838e-05,1.03838e-05,6
77,1164.33,1.12359,4.20458,1.22906,0.49533,0.35591,0.35776,0.22832,1.39179,inf,1.3335,9.65876e-06,9.65876e-06,9.65876e-06,6
78,1175.23,1.1579,4.38757,1.24209,0.49546,0.35524,0.35749,0.22832,1.39195,inf,1.33347,8.95757e-06,8.95757e-06,8.95757e-06,6
79,1184.88,1.12372,4.28323,1.2237,0.49798,0.35383,0.35761,0.22827,1.39205,inf,1.33368,8.28093e-06,8.28093e-06,8.28093e-06,6
80,1197.58,1.15489,4.41411,1.24111,0.49726,0.35513,0.35791,0.22835,1.39182,inf,1.33357,7.62951e-06,7.62951e-06,7.62951e-06,6
81,1217.26,1.12544,4.26999,1.22326,0.50215,0.35392,0.35806,0.22839,1.3917,inf,1.33358,7.00395e-06,7.00395e-06,7.00395e-06,6
82,1229.1,1.15348,4.38307,1.23954,0.50145,0.35371,0.3583,0.22864,1.39178,inf,1.33376,6.40487e-06,6.40487e-06,6.40487e-06,6
83,1242.23,1.13193,4.36115,1.23916,0.49935,0.35481,0.3584,0.22883,1.3917,inf,1.33356,5.83286e-06,5.83286e-06,5.83286e-06,6
84,1251.79,1.17615,4.44356,1.26436,0.5058,0.3521,0.35818,0.2288,1.39174,inf,1.3335,5.28849e-06,5.28849e-06,5.28849e-06,6
85,1268.77,1.12495,4.21888,1.22356,0.50447,0.35216,0.35794,0.22846,1.39164,inf,1.33344,4.77229e-06,4.77229e-06,4.77229e-06,6
86,1281.1,1.21982,4.52158,1.27117,0.50845,0.35072,0.35785,0.22841,1.39165,inf,1.33347,4.28477e-06,4.28477e-06,4.28477e-06,6
87,1291.23,1.11713,4.2872,1.20924,0.50884,0.3514,0.35784,0.22857,1.39155,inf,1.33334,3.82641e-06,3.82641e-06,3.82641e-06,6
88,1301.41,1.18119,4.45185,1.25442,0.50921,0.35144,0.35802,0.22836,1.3918,inf,1.33356,3.39767e-06,3.39767e-06,3.39767e-06,6
89,1312.5,1.16147,4.44382,1.25772,0.50867,0.35185,0.35795,0.22845,1.39187,inf,1.33366,2.99896e-06,2.99896e-06,2.99896e-06,6
90,1323.19,1.1654,4.35928,1.24645,0.50777,0.35227,0.35823,0.22846,1.3918,inf,1.33373,2.63069e-06,2.63069e-06,2.63069e-06,6
91,1335.76,0.79149,2.82403,1.00674,0.50897,0.35216,0.35823,0.22854,1.39073,inf,1.3327,2.29321e-06,2.29321e-06,2.29321e-06,6
92,1345.27,0.79097,2.82043,1.00648,0.50307,0.35423,0.358,0.22818,1.38957,inf,1.33158,1.98686e-06,1.98686e-06,1.98686e-06,6
93,1358.04,0.79053,2.81645,1.00639,0.50687,0.35258,0.35774,0.22804,1.3889,inf,1.33093,1.71194e-06,1.71194e-06,1.71194e-06,6
94,1366.83,0.79013,2.8113,1.00608,0.50146,0.35542,0.35701,0.22776,1.38818,inf,1.33008,1.46872e-06,1.46872e-06,1.46872e-06,6
95,1379.57,0.78943,2.8056,1.00589,0.49627,0.35891,0.35693,0.22757,1.38759,inf,1.3293,1.25744e-06,1.25744e-06,1.25744e-06,6
96,1389.57,0.80315,2.84528,1.00796,0.49331,0.35966,0.35682,0.22726,1.38684,inf,1.32853,1.07832e-06,1.07832e-06,1.07832e-06,6
97,1401.38,0.79719,2.82695,1.00373,0.50431,0.35249,0.35596,0.2267,1.38619,inf,1.32802,9.31516e-07,9.31516e-07,9.31516e-07,6
98,1409.51,0.80609,2.8582,1.01322,0.5034,0.35328,0.35538,0.22652,1.38586,inf,1.3274,8.17187e-07,8.17187e-07,8.17187e-07,6
99,1418.83,0.80943,2.87259,1.0086,0.50029,0.35403,0.35547,0.22628,1.38562,inf,1.32696,7.35444e-07,7.35444e-07,7.35444e-07,6
100,1429.41,0.81141,2.88562,1.00882,0.50139,0.35329,0.35523,0.22625,1.38544,inf,1.32681,6.86365e-07,6.86365e-07,6.86365e-07,6
